"","POS","REF","ALT","AF","COV","WTS","maj"
"1",1,"G",NA,NA,NA,"-","-"
"2",2,"C",NA,NA,NA,"-","-"
"3",3,"T",NA,NA,NA,"-","-"
"4",4,"C",NA,NA,NA,"-","-"
"5",5,"T",NA,NA,NA,"-","-"
"6",6,"T",NA,NA,NA,"-","-"
"7",7,"C",NA,NA,NA,"-","-"
"8",8,"T",NA,NA,NA,"-","-"
"9",9,"G",NA,NA,NA,"-","-"
"10",10,"C",NA,NA,NA,"-","-"
"11",11,"C",NA,NA,NA,"-","-"
"12",12,"A",NA,NA,NA,"-","-"
"13",13,"G",NA,NA,NA,"-","-"
"14",14,"C",NA,NA,NA,"-","-"
"15",15,"A",NA,NA,NA,"-","-"
"16",16,"A",NA,NA,NA,"-","-"
"17",17,"A",NA,NA,NA,"-","-"
"18",18,"A",NA,NA,NA,"-","-"
"19",19,"G",NA,NA,NA,"-","-"
"20",20,"C",NA,NA,NA,"-","-"
"21",21,"A",NA,NA,NA,"-","-"
"22",22,"G",NA,NA,NA,"-","-"
"23",23,"G",NA,NA,NA,"-","-"
"24",24,"A",NA,NA,NA,"-","-"
"25",25,"G",NA,NA,NA,"-","-"
"26",26,"T",NA,NA,NA,"-","-"
"27",27,"G",NA,NA,NA,"-","-"
"28",28,"A",NA,NA,NA,"-","-"
"29",29,"A",NA,NA,NA,"-","-"
"30",30,"A",NA,NA,NA,"-","-"
"31",31,"A",NA,NA,NA,"-","-"
"32",32,"T",NA,NA,NA,"-","-"
"33",33,"G",NA,NA,NA,"-","-"
"34",34,"A",NA,NA,NA,"-","-"
"35",35,"A",NA,NA,NA,"-","-"
"36",36,"T",NA,NA,NA,"-","-"
"37",37,"C",NA,NA,NA,"-","-"
"38",38,"C",NA,NA,NA,"-","-"
"39",39,"A",NA,NA,NA,"-","-"
"40",40,"A",NA,NA,NA,"-","-"
"41",41,"A",NA,NA,NA,"-","-"
"42",42,"T",NA,NA,NA,"-","-"
"43",43,"C",NA,NA,NA,"-","-"
"44",44,"A",NA,NA,NA,"-","-"
"45",45,"G",NA,NA,NA,"-","-"
"46",46,"A",NA,NA,NA,"-","-"
"47",47,"A",NA,NA,NA,"-","-"
"48",48,"G",NA,NA,NA,"-","-"
"49",49,"A",NA,NA,NA,"-","-"
"50",50,"T",NA,NA,NA,"-","-"
"51",51,"A",NA,NA,NA,"-","-"
"52",52,"A",NA,NA,NA,"-","-"
"53",53,"T",NA,NA,NA,"-","-"
"54",54,"A",NA,NA,NA,"-","-"
"55",55,"A",NA,NA,NA,"-","-"
"56",56,"C",NA,NA,NA,"-","-"
"57",57,"A",NA,NA,NA,"-","-"
"58",58,"A",NA,NA,NA,"-","-"
"59",59,"T",NA,NA,NA,"-","-"
"60",60,"T",NA,NA,NA,"-","-"
"61",61,"G",NA,NA,NA,"-","-"
"62",62,"G",NA,NA,NA,"-","-"
"63",63,"T",NA,NA,NA,"-","-"
"64",64,"T",NA,NA,NA,"-","-"
"65",65,"C",NA,NA,NA,"-","-"
"66",66,"C",NA,NA,NA,"-","-"
"67",67,"G",NA,NA,NA,"-","-"
"68",68,"T",NA,NA,NA,"-","-"
"69",69,"C",NA,NA,NA,"-","-"
"70",70,"T",NA,NA,NA,"-","-"
"71",71,"C",NA,NA,NA,"-","-"
"72",72,"T",NA,NA,NA,"-","-"
"73",73,"C",NA,NA,NA,"-","-"
"74",74,"T",NA,NA,NA,"-","-"
"75",75,"A",NA,NA,NA,"-","-"
"76",76,"A",NA,NA,NA,"-","-"
"77",77,"C",NA,NA,NA,"-","-"
"78",78,"C",NA,NA,NA,"-","-"
"79",79,"A",NA,NA,NA,"-","-"
"80",80,"T",NA,NA,NA,"-","-"
"81",81,"T",NA,NA,NA,"-","-"
"82",82,"G",NA,NA,NA,"-","-"
"83",83,"C",NA,NA,NA,"-","-"
"84",84,"A",NA,NA,NA,"-","-"
"85",85,"A",NA,NA,NA,"-","-"
"86",86,"C",NA,NA,NA,"-","-"
"87",87,"A",NA,NA,NA,"-","-"
"88",88,"G",NA,NA,NA,"-","-"
"89",89,"T",NA,NA,NA,"-","-"
"90",90,"A",NA,NA,NA,"-","-"
"91",91,"T",NA,NA,NA,"-","-"
"92",92,"G",NA,NA,NA,"-","-"
"93",93,"T",NA,NA,NA,"-","-"
"94",94,"T",NA,NA,NA,"-","-"
"95",95,"T",NA,NA,NA,"-","-"
"96",96,"C",NA,NA,NA,"-","-"
"97",97,"C",NA,NA,NA,"-","-"
"98",98,"T",NA,NA,NA,"-","-"
"99",99,"T",NA,NA,NA,"-","-"
"100",100,"A",NA,NA,NA,"-","-"
"101",101,"T",NA,NA,NA,"-","-"
"102",102,"G",NA,NA,NA,"-","-"
"103",103,"C",NA,NA,NA,"-","-"
"104",104,"A",NA,NA,NA,"-","-"
"105",105,"G",NA,NA,NA,"-","-"
"106",106,"A",NA,NA,NA,"-","-"
"107",107,"T",NA,NA,NA,"-","-"
"108",108,"T",NA,NA,NA,"-","-"
"109",109,"G",NA,NA,NA,"-","-"
"110",110,"C",NA,NA,NA,"-","-"
"111",111,"C",NA,NA,NA,"-","-"
"112",112,"A",NA,NA,NA,"-","-"
"113",113,"T",NA,NA,NA,"-","-"
"114",114,"C",NA,NA,NA,"-","-"
"115",115,"C",NA,NA,NA,"-","-"
"116",116,"T",NA,NA,NA,"-","-"
"117",117,"A",NA,NA,NA,"-","-"
"118",118,"G",NA,NA,NA,"-","-"
"119",119,"C",NA,NA,NA,"-","-"
"120",120,"A",NA,NA,NA,"-","-"
"121",121,"A",NA,NA,NA,"-","-"
"122",122,"C",NA,NA,NA,"-","-"
"123",123,"A",NA,NA,NA,"-","-"
"124",124,"A",NA,NA,NA,"-","-"
"125",125,"C",NA,NA,NA,"-","-"
"126",126,"T",NA,NA,NA,"-","-"
"127",127,"G",NA,NA,NA,"-","-"
"128",128,"T",NA,NA,NA,"-","-"
"129",129,"A",NA,NA,NA,"-","-"
"130",130,"A",NA,NA,NA,"-","-"
"131",131,"C",NA,NA,NA,"-","-"
"132",132,"A",NA,NA,NA,"-","-"
"133",133,"C",NA,NA,NA,"-","-"
"134",134,"T",NA,NA,NA,"-","-"
"135",135,"G",NA,NA,NA,"-","-"
"136",136,"C",NA,NA,NA,"-","-"
"137",137,"A",NA,NA,NA,"-","-"
"138",138,"T",NA,NA,NA,"-","-"
"139",139,"T",NA,NA,NA,"-","-"
"140",140,"T",NA,NA,NA,"-","-"
"141",141,"C",NA,NA,NA,"-","-"
"142",142,"A",NA,NA,NA,"-","-"
"143",143,"A",NA,NA,NA,"-","-"
"144",144,"G",NA,NA,NA,"-","-"
"145",145,"C",NA,NA,NA,"-","-"
"146",146,"A",NA,NA,NA,"-","-"
"147",147,"A",NA,NA,NA,"-","-"
"148",148,"A",NA,NA,NA,"-","-"
"149",149,"A",NA,NA,NA,"-","-"
"150",150,"T",NA,NA,NA,"-","-"
"151",151,"G",NA,NA,NA,"-","-"
"152",152,"A",NA,NA,NA,"-","-"
"153",153,"A",NA,NA,NA,"-","-"
"154",154,"T",NA,NA,NA,"-","-"
"155",155,"G",NA,NA,NA,"-","-"
"156",156,"T",NA,NA,NA,"-","-"
"157",157,"A",NA,NA,NA,"-","-"
"158",158,"G",NA,NA,NA,"-","-"
"159",159,"C",NA,NA,NA,"-","-"
"160",160,"A",NA,NA,NA,"-","-"
"161",161,"T",NA,NA,NA,"-","-"
"162",162,"C",NA,NA,NA,"-","-"
"163",163,"C",NA,NA,NA,"-","-"
"164",164,"C",NA,NA,NA,"-","-"
"165",165,"C",NA,NA,NA,"-","-"
"166",166,"G",NA,NA,NA,"-","-"
"167",167,"C",NA,NA,NA,"-","-"
"168",168,"G",NA,NA,NA,"-","-"
"169",169,"A",NA,NA,NA,"-","-"
"170",170,"A",NA,NA,NA,"-","-"
"171",171,"C",NA,NA,NA,"-","-"
"172",172,"A",NA,NA,NA,"-","-"
"173",173,"A",NA,NA,NA,"-","-"
"174",174,"C",NA,NA,NA,"-","-"
"175",175,"C",NA,NA,NA,"-","-"
"176",176,"A",NA,NA,NA,"-","-"
"177",177,"A",NA,NA,NA,"-","-"
"178",178,"G",NA,NA,NA,"-","-"
"179",179,"T",NA,NA,NA,"-","-"
"180",180,"A",NA,NA,NA,"-","-"
"181",181,"A",NA,NA,NA,"-","-"
"182",182,"T",NA,NA,NA,"-","-"
"183",183,"G",NA,NA,NA,"-","-"
"184",184,"C",NA,NA,NA,"-","-"
"185",185,"C",NA,NA,NA,"-","-"
"186",186,"A",NA,NA,NA,"-","-"
"187",187,"T",NA,NA,NA,"-","-"
"188",188,"G",NA,NA,NA,"-","-"
"189",189,"T",NA,NA,NA,"-","-"
"190",190,"G",NA,NA,NA,"-","-"
"191",191,"A",NA,NA,NA,"-","-"
"192",192,"A",NA,NA,NA,"-","-"
"193",193,"C",NA,NA,NA,"-","-"
"194",194,"C",NA,NA,NA,"-","-"
"195",195,"A",NA,NA,NA,"-","-"
"196",196,"A",NA,NA,NA,"-","-"
"197",197,"T",NA,NA,NA,"-","-"
"198",198,"C",NA,NA,NA,"-","-"
"199",199,"A",NA,NA,NA,"-","-"
"200",200,"T",NA,NA,NA,"-","-"
"201",201,"A",NA,NA,NA,"-","-"
"202",202,"A",NA,NA,NA,"-","-"
"203",203,"T",NA,NA,NA,"-","-"
"204",204,"A",NA,NA,NA,"-","-"
"205",205,"G",NA,NA,NA,"-","-"
"206",206,"A",NA,NA,NA,"-","-"
"207",207,"G",NA,NA,NA,"-","-"
"208",208,"A",NA,NA,NA,"-","-"
"209",209,"G",NA,NA,NA,"-","-"
"210",210,"G",NA,NA,NA,"-","-"
"211",211,"A",NA,NA,NA,"-","-"
"212",212,"A",NA,NA,NA,"-","-"
"213",213,"C",NA,NA,NA,"-","-"
"214",214,"A",NA,NA,NA,"-","-"
"215",215,"T",NA,NA,NA,"-","-"
"216",216,"A",NA,NA,NA,"-","-"
"217",217,"A",NA,NA,NA,"-","-"
"218",218,"C",NA,NA,NA,"-","-"
"219",219,"A",NA,NA,NA,"-","-"
"220",220,"G",NA,NA,NA,"-","-"
"221",221,"A",NA,NA,NA,"-","-"
"222",222,"G",NA,NA,NA,"-","-"
"223",223,"A",NA,NA,NA,"-","-"
"224",224,"T",NA,NA,NA,"-","-"
"225",225,"A",NA,NA,NA,"-","-"
"226",226,"G",NA,NA,NA,"-","-"
"227",227,"T",NA,NA,NA,"-","-"
"228",228,"G",NA,NA,NA,"-","-"
"229",229,"T",NA,NA,NA,"-","-"
"230",230,"A",NA,NA,NA,"-","-"
"231",231,"T",NA,NA,NA,"-","-"
"232",232,"T",NA,NA,NA,"-","-"
"233",233,"T",NA,NA,NA,"-","-"
"234",234,"G",NA,NA,NA,"-","-"
"235",235,"A",NA,NA,NA,"-","-"
"236",236,"A",NA,NA,NA,"-","-"
"237",237,"T",NA,NA,NA,"-","-"
"238",238,"A",NA,NA,NA,"-","-"
"239",239,"A",NA,NA,NA,"-","-"
"240",240,"T",NA,NA,NA,"-","-"
"241",241,"A",NA,NA,NA,"-","-"
"242",242,"C",NA,NA,NA,"-","-"
"243",243,"T",NA,NA,NA,"-","-"
"244",244,"A",NA,NA,NA,"-","-"
"245",245,"C",NA,NA,NA,"-","-"
"246",246,"C",NA,NA,NA,"-","-"
"247",247,"A",NA,NA,NA,"-","-"
"248",248,"T",NA,NA,NA,"-","-"
"249",249,"A",NA,NA,NA,"-","-"
"250",250,"G",NA,NA,NA,"-","-"
"251",251,"A",NA,NA,NA,"-","-"
"252",252,"G",NA,NA,NA,"-","-"
"253",253,"A",NA,NA,NA,"-","-"
"254",254,"A",NA,NA,NA,"-","-"
"255",255,"A",NA,NA,NA,"-","-"
"256",256,"G",NA,NA,NA,"-","-"
"257",257,"A",NA,NA,NA,"-","-"
"258",258,"G",NA,NA,NA,"-","-"
"259",259,"A",NA,NA,NA,"-","-"
"260",260,"T",NA,NA,NA,"-","-"
"261",261,"T",NA,NA,NA,"-","-"
"262",262,"T",NA,NA,NA,"-","-"
"263",263,"G",NA,NA,NA,"-","-"
"264",264,"T",NA,NA,NA,"-","-"
"265",265,"C",NA,NA,NA,"-","-"
"266",266,"C",NA,NA,NA,"-","-"
"267",267,"T",NA,NA,NA,"-","-"
"268",268,"A",NA,NA,NA,"-","-"
"269",269,"A",NA,NA,NA,"-","-"
"270",270,"A",NA,NA,NA,"-","-"
"271",271,"G",NA,NA,NA,"-","-"
"272",272,"C",NA,NA,NA,"-","-"
"273",273,"A",NA,NA,NA,"-","-"
"274",274,"G",NA,NA,NA,"-","-"
"275",275,"T",NA,NA,NA,"-","-"
"276",276,"A",NA,NA,NA,"-","-"
"277",277,"G",NA,NA,NA,"-","-"
"278",278,"A",NA,NA,NA,"-","-"
"279",279,"C",NA,NA,NA,"-","-"
"280",280,"T",NA,NA,NA,"-","-"
"281",281,"A",NA,NA,NA,"-","-"
"282",282,"C",NA,NA,NA,"-","-"
"283",283,"A",NA,NA,NA,"-","-"
"284",284,"G",NA,NA,NA,"-","-"
"285",285,"G",NA,NA,NA,"-","-"
"286",286,"A",NA,NA,NA,"-","-"
"287",287,"A",NA,NA,NA,"-","-"
"288",288,"T",NA,NA,NA,"-","-"
"289",289,"T",NA,NA,NA,"-","-"
"290",290,"G",NA,NA,NA,"-","-"
"291",291,"G",NA,NA,NA,"-","-"
"292",292,"T",NA,NA,NA,"-","-"
"293",293,"C",NA,NA,NA,"-","-"
"294",294,"A",NA,NA,NA,"-","-"
"295",295,"A",NA,NA,NA,"-","-"
"296",296,"A",NA,NA,NA,"-","-"
"297",297,"A",NA,NA,NA,"-","-"
"298",298,"C",NA,NA,NA,"-","-"
"299",299,"C",NA,NA,NA,"-","-"
"300",300,"G",NA,NA,NA,"-","-"
"301",301,"C",NA,NA,NA,"-","-"
"302",302,"A",NA,NA,NA,"-","-"
"303",303,"A",NA,NA,NA,"-","-"
"304",304,"T",NA,NA,NA,"-","-"
"305",305,"G",NA,NA,NA,"-","-"
"306",306,"T",NA,NA,NA,"-","-"
"307",307,"C",NA,NA,NA,"-","-"
"308",308,"A",NA,NA,NA,"-","-"
"309",309,"G",NA,NA,NA,"-","-"
"310",310,"A",NA,NA,NA,"-","-"
"311",311,"T",NA,NA,NA,"-","-"
"312",312,"T",NA,NA,NA,"-","-"
"313",313,"A",NA,NA,NA,"-","-"
"314",314,"C",NA,NA,NA,"-","-"
"315",315,"A",NA,NA,NA,"-","-"
"316",316,"G",NA,NA,NA,"-","-"
"317",317,"G",NA,NA,NA,"-","-"
"318",318,"A",NA,NA,NA,"-","-"
"319",319,"T",NA,NA,NA,"-","-"
"320",320,"T",NA,NA,NA,"-","-"
"321",321,"T",NA,NA,NA,"-","-"
"322",322,"G",NA,NA,NA,"-","-"
"323",323,"C",NA,NA,NA,"-","-"
"324",324,"C",NA,NA,NA,"-","-"
"325",325,"C",NA,NA,NA,"-","-"
"326",326,"C",NA,NA,NA,"-","-"
"327",327,"T",NA,NA,NA,"-","-"
"328",328,"T",NA,NA,NA,"-","-"
"329",329,"T",NA,NA,NA,"-","-"
"330",330,"T",NA,NA,NA,"-","-"
"331",331,"T",NA,NA,NA,"-","-"
"332",332,"C",NA,NA,NA,"-","-"
"333",333,"C",NA,NA,NA,"-","-"
"334",334,"A",NA,NA,NA,"-","-"
"335",335,"A",NA,NA,NA,"-","-"
"336",336,"G",NA,NA,NA,"-","-"
"337",337,"G",NA,NA,NA,"-","-"
"338",338,"A",NA,NA,NA,"-","-"
"339",339,"C",NA,NA,NA,"-","-"
"340",340,"A",NA,NA,NA,"-","-"
"341",341,"A",NA,NA,NA,"-","-"
"342",342,"C",NA,NA,NA,"-","-"
"343",343,"T",NA,NA,NA,"-","-"
"344",344,"C",NA,NA,NA,"-","-"
"345",345,"T",NA,NA,NA,"-","-"
"346",346,"A",NA,NA,NA,"-","-"
"347",347,"T",NA,NA,NA,"-","-"
"348",348,"T",NA,NA,NA,"-","-"
"349",349,"C",NA,NA,NA,"-","-"
"350",350,"G",NA,NA,NA,"-","-"
"351",351,"A",NA,NA,NA,"-","-"
"352",352,"C",NA,NA,NA,"-","-"
"353",353,"T",NA,NA,NA,"-","-"
"354",354,"T",NA,NA,NA,"-","-"
"355",355,"T",NA,NA,NA,"-","-"
"356",356,"C",NA,NA,NA,"-","-"
"357",357,"T",NA,NA,NA,"-","-"
"358",358,"G",NA,NA,NA,"-","-"
"359",359,"C",NA,NA,NA,"-","-"
"360",360,"T",NA,NA,NA,"-","-"
"361",361,"G",NA,NA,NA,"-","-"
"362",362,"G",NA,NA,NA,"-","-"
"363",363,"T",NA,NA,NA,"-","-"
"364",364,"G",NA,NA,NA,"-","-"
"365",365,"G",NA,NA,NA,"-","-"
"366",366,"G",NA,NA,NA,"-","-"
"367",367,"G",NA,NA,NA,"-","-"
"368",368,"A",NA,NA,NA,"-","-"
"369",369,"C",NA,NA,NA,"-","-"
"370",370,"A",NA,NA,NA,"-","-"
"371",371,"T",NA,NA,NA,"-","-"
"372",372,"T",NA,NA,NA,"-","-"
"373",373,"T",NA,NA,NA,"-","-"
"374",374,"G",NA,NA,NA,"-","-"
"375",375,"G",NA,NA,NA,"-","-"
"376",376,"G",NA,NA,NA,"-","-"
"377",377,"T",NA,NA,NA,"-","-"
"378",378,"A",NA,NA,NA,"-","-"
"379",379,"A",NA,NA,NA,"-","-"
"380",380,"C",NA,NA,NA,"-","-"
"381",381,"A",NA,NA,NA,"-","-"
"382",382,"A",NA,NA,NA,"-","-"
"383",383,"G",NA,NA,NA,"-","-"
"384",384,"A",NA,NA,NA,"-","-"
"385",385,"G",NA,NA,NA,"-","-"
"386",386,"A",NA,NA,NA,"-","-"
"387",387,"A",NA,NA,NA,"-","-"
"388",388,"C",NA,NA,NA,"-","-"
"389",389,"C",NA,NA,NA,"-","-"
"390",390,"T",NA,NA,NA,"-","-"
"391",391,"T",NA,NA,NA,"-","-"
"392",392,"A",NA,NA,NA,"-","-"
"393",393,"T",NA,NA,NA,"-","-"
"394",394,"G",NA,NA,NA,"-","-"
"395",395,"T",NA,NA,NA,"-","-"
"396",396,"G",NA,NA,NA,"-","-"
"397",397,"T",NA,NA,NA,"-","-"
"398",398,"C",NA,NA,NA,"-","-"
"399",399,"A",NA,NA,NA,"-","-"
"400",400,"T",NA,NA,NA,"-","-"
"401",401,"G",NA,NA,NA,"-","-"
"402",402,"T",NA,NA,NA,"-","-"
"403",403,"G",NA,NA,NA,"-","-"
"404",404,"A",NA,NA,NA,"-","-"
"405",405,"C",NA,NA,NA,"-","-"
"406",406,"A",NA,NA,NA,"-","-"
"407",407,"C",NA,NA,NA,"-","-"
"408",408,"C",NA,NA,NA,"-","-"
"409",409,"A",NA,NA,NA,"-","-"
"410",410,"G",NA,NA,NA,"-","-"
"411",411,"C",NA,NA,NA,"-","-"
"412",412,"A",NA,NA,NA,"-","-"
"413",413,"A",NA,NA,NA,"-","-"
"414",414,"A",NA,NA,NA,"-","-"
"415",415,"T",NA,NA,NA,"-","-"
"416",416,"G",NA,NA,NA,"-","-"
"417",417,"T",NA,NA,NA,"-","-"
"418",418,"T",NA,NA,NA,"-","-"
"419",419,"A",NA,NA,NA,"-","-"
"420",420,"C",NA,NA,NA,"-","-"
"421",421,"C",NA,NA,NA,"-","-"
"422",422,"A",NA,NA,NA,"-","-"
"423",423,"A",NA,NA,NA,"-","-"
"424",424,"T",NA,NA,NA,"-","-"
"425",425,"T",NA,NA,NA,"-","-"
"426",426,"T",NA,NA,NA,"-","-"
"427",427,"G",NA,NA,NA,"-","-"
"428",428,"C",NA,NA,NA,"-","-"
"429",429,"A",NA,NA,NA,"-","-"
"430",430,"C",NA,NA,NA,"-","-"
"431",431,"T",NA,NA,NA,"-","-"
"432",432,"T",NA,NA,NA,"-","-"
"433",433,"G",NA,NA,NA,"-","-"
"434",434,"G",NA,NA,NA,"-","-"
"435",435,"A",NA,NA,NA,"-","-"
"436",436,"C",NA,NA,NA,"-","-"
"437",437,"A",NA,NA,NA,"-","-"
"438",438,"A",NA,NA,NA,"-","-"
"439",439,"G",NA,NA,NA,"-","-"
"440",440,"G",NA,NA,NA,"-","-"
"441",441,"T",NA,NA,NA,"-","-"
"442",442,"A",NA,NA,NA,"-","-"
"443",443,"C",NA,NA,NA,"-","-"
"444",444,"C",NA,NA,NA,"-","-"
"445",445,"A",NA,NA,NA,"-","-"
"446",446,"C",NA,NA,NA,"-","-"
"447",447,"G",NA,NA,NA,"-","-"
"448",448,"C",NA,NA,NA,"-","-"
"449",449,"T",NA,NA,NA,"-","-"
"450",450,"G",NA,NA,NA,"-","-"
"451",451,"G",NA,NA,NA,"-","-"
"452",452,"A",NA,NA,NA,"-","-"
"453",453,"C",NA,NA,NA,"-","-"
"454",454,"A",NA,NA,NA,"-","-"
"455",455,"A",NA,NA,NA,"-","-"
"456",456,"C",NA,NA,NA,"-","-"
"457",457,"A",NA,NA,NA,"-","-"
"458",458,"A",NA,NA,NA,"-","-"
"459",459,"A",NA,NA,NA,"-","-"
"460",460,"C",NA,NA,NA,"-","-"
"461",461,"A",NA,NA,NA,"-","-"
"462",462,"T",NA,NA,NA,"-","-"
"463",463,"T",NA,NA,NA,"-","-"
"464",464,"C",NA,NA,NA,"-","-"
"465",465,"A",NA,NA,NA,"-","-"
"466",466,"A",NA,NA,NA,"-","-"
"467",467,"A",NA,NA,NA,"-","-"
"468",468,"T",NA,NA,NA,"-","-"
"469",469,"G",NA,NA,NA,"-","-"
"470",470,"G",NA,NA,NA,"-","-"
"471",471,"C",NA,NA,NA,"-","-"
"472",472,"A",NA,NA,NA,"-","-"
"473",473,"C",NA,NA,NA,"-","-"
"474",474,"A",NA,NA,NA,"-","-"
"475",475,"A",NA,NA,NA,"-","-"
"476",476,"T",NA,NA,NA,"-","-"
"477",477,"A",NA,NA,NA,"-","-"
"478",478,"C",NA,NA,NA,"-","-"
"479",479,"A",NA,NA,NA,"-","-"
"480",480,"C",NA,NA,NA,"-","-"
"481",481,"G",NA,NA,NA,"-","-"
"482",482,"A",NA,NA,NA,"-","-"
"483",483,"T",NA,NA,NA,"-","-"
"484",484,"A",NA,NA,NA,"-","-"
"485",485,"G",NA,NA,NA,"-","-"
"486",486,"A",NA,NA,NA,"-","-"
"487",487,"A",NA,NA,NA,"-","-"
"488",488,"T",NA,NA,NA,"-","-"
"489",489,"C",NA,NA,NA,"-","-"
"490",490,"C",NA,NA,NA,"-","-"
"491",491,"C",NA,NA,NA,"-","-"
"492",492,"T",NA,NA,NA,"-","-"
"493",493,"C",NA,NA,NA,"-","-"
"494",494,"A",NA,NA,NA,"-","-"
"495",495,"T",NA,NA,NA,"-","-"
"496",496,"C",NA,NA,NA,"-","-"
"497",497,"G",NA,NA,NA,"-","-"
"498",498,"A",NA,NA,NA,"-","-"
"499",499,"A",NA,NA,NA,"-","-"
"500",500,"C",NA,NA,NA,"-","-"
"501",501,"C",NA,NA,NA,"-","-"
"502",502,"C",NA,NA,NA,"-","-"
"503",503,"T",NA,NA,NA,"-","-"
"504",504,"T",NA,NA,NA,"-","-"
"505",505,"T",NA,NA,NA,"-","-"
"506",506,"T",NA,NA,NA,"-","-"
"507",507,"G",NA,NA,NA,"-","-"
"508",508,"A",NA,NA,NA,"-","-"
"509",509,"T",NA,NA,NA,"-","-"
"510",510,"G",NA,NA,NA,"-","-"
"511",511,"A",NA,NA,NA,"-","-"
"512",512,"A",NA,NA,NA,"-","-"
"513",513,"T",NA,NA,NA,"-","-"
"514",514,"G",NA,NA,NA,"-","-"
"515",515,"A",NA,NA,NA,"-","-"
"516",516,"G",NA,NA,NA,"-","-"
"517",517,"T",NA,NA,NA,"-","-"
"518",518,"T",NA,NA,NA,"-","-"
"519",519,"A",NA,NA,NA,"-","-"
"520",520,"G",NA,NA,NA,"-","-"
"521",521,"G",NA,NA,NA,"-","-"
"522",522,"T",NA,NA,NA,"-","-"
"523",523,"G",NA,NA,NA,"-","-"
"524",524,"T",NA,NA,NA,"-","-"
"525",525,"T",NA,NA,NA,"-","-"
"526",526,"C",NA,NA,NA,"-","-"
"527",527,"C",NA,NA,NA,"-","-"
"528",528,"A",NA,NA,NA,"-","-"
"529",529,"T",NA,NA,NA,"-","-"
"530",530,"T",NA,NA,NA,"-","-"
"531",531,"T",NA,NA,NA,"-","-"
"532",532,"C",NA,NA,NA,"-","-"
"533",533,"A",NA,NA,NA,"-","-"
"534",534,"T",NA,NA,NA,"-","-"
"535",535,"T",NA,NA,NA,"-","-"
"536",536,"T",NA,NA,NA,"-","-"
"537",537,"G",NA,NA,NA,"-","-"
"538",538,"G",NA,NA,NA,"-","-"
"539",539,"G",NA,NA,NA,"-","-"
"540",540,"A",NA,NA,NA,"-","-"
"541",541,"A",NA,NA,NA,"-","-"
"542",542,"C",NA,NA,NA,"-","-"
"543",543,"C",NA,NA,NA,"-","-"
"544",544,"A",NA,NA,NA,"-","-"
"545",545,"A",NA,NA,NA,"-","-"
"546",546,"A",NA,NA,NA,"-","-"
"547",547,"C",NA,NA,NA,"-","-"
"548",548,"A",NA,NA,NA,"-","-"
"549",549,"A",NA,NA,NA,"-","-"
"550",550,"G",NA,NA,NA,"-","-"
"551",551,"T",NA,NA,NA,"-","-"
"552",552,"G",NA,NA,NA,"-","-"
"553",553,"T",NA,NA,NA,"-","-"
"554",554,"G",NA,NA,NA,"-","-"
"555",555,"C",NA,NA,NA,"-","-"
"556",556,"A",NA,NA,NA,"-","-"
"557",557,"T",NA,NA,NA,"-","-"
"558",558,"A",NA,NA,NA,"-","-"
"559",559,"G",NA,NA,NA,"-","-"
"560",560,"C",NA,NA,NA,"-","-"
"561",561,"A",NA,NA,NA,"-","-"
"562",562,"T",NA,NA,NA,"-","-"
"563",563,"G",NA,NA,NA,"-","-"
"564",564,"G",NA,NA,NA,"-","-"
"565",565,"T",NA,NA,NA,"-","-"
"566",566,"C",NA,NA,NA,"-","-"
"567",567,"C",NA,NA,NA,"-","-"
"568",568,"A",NA,NA,NA,"-","-"
"569",569,"G",NA,NA,NA,"-","-"
"570",570,"C",NA,NA,NA,"-","-"
"571",571,"T",NA,NA,NA,"-","-"
"572",572,"C",NA,NA,NA,"-","-"
"573",573,"A",NA,NA,NA,"-","-"
"574",574,"A",NA,NA,NA,"-","-"
"575",575,"G",NA,NA,NA,"-","-"
"576",576,"T",NA,NA,NA,"-","-"
"577",577,"T",NA,NA,NA,"-","-"
"578",578,"G",NA,NA,NA,"-","-"
"579",579,"T",NA,NA,NA,"-","-"
"580",580,"C",NA,NA,NA,"-","-"
"581",581,"A",NA,NA,NA,"-","-"
"582",582,"T",NA,NA,NA,"-","-"
"583",583,"G",NA,NA,NA,"-","-"
"584",584,"A",NA,NA,NA,"-","-"
"585",585,"C",NA,NA,NA,"-","-"
"586",586,"G",NA,NA,NA,"-","-"
"587",587,"G",NA,NA,NA,"-","-"
"588",588,"G",NA,NA,NA,"-","-"
"589",589,"A",NA,NA,NA,"-","-"
"590",590,"A",NA,NA,NA,"-","-"
"591",591,"A",NA,NA,NA,"-","-"
"592",592,"G",NA,NA,NA,"-","-"
"593",593,"C",NA,NA,NA,"-","-"
"594",594,"A",NA,NA,NA,"-","-"
"595",595,"T",NA,NA,NA,"-","-"
"596",596,"G",NA,NA,NA,"-","-"
"597",597,"G",NA,NA,NA,"-","-"
"598",598,"T",NA,NA,NA,"-","-"
"599",599,"T",NA,NA,NA,"-","-"
"600",600,"G",NA,NA,NA,"-","-"
"601",601,"C",NA,NA,NA,"-","-"
"602",602,"A",NA,NA,NA,"-","-"
"603",603,"C",NA,NA,NA,"-","-"
"604",604,"G",NA,NA,NA,"-","-"
"605",605,"T",NA,NA,NA,"-","-"
"606",606,"T",NA,NA,NA,"-","-"
"607",607,"T",NA,NA,NA,"-","-"
"608",608,"G",NA,NA,NA,"-","-"
"609",609,"T",NA,NA,NA,"-","-"
"610",610,"A",NA,NA,NA,"-","-"
"611",611,"T",NA,NA,NA,"-","-"
"612",612,"T",NA,NA,NA,"-","-"
"613",613,"A",NA,NA,NA,"-","-"
"614",614,"C",NA,NA,NA,"-","-"
"615",615,"C",NA,NA,NA,"-","-"
"616",616,"G",NA,NA,NA,"-","-"
"617",617,"G",NA,NA,NA,"-","-"
"618",618,"G",NA,NA,NA,"-","-"
"619",619,"G",NA,NA,NA,"-","-"
"620",620,"A",NA,NA,NA,"-","-"
"621",621,"T",NA,NA,NA,"-","-"
"622",622,"G",NA,NA,NA,"-","-"
"623",623,"A",NA,NA,NA,"-","-"
"624",624,"T",NA,NA,NA,"-","-"
"625",625,"A",NA,NA,NA,"-","-"
"626",626,"G",NA,NA,NA,"-","-"
"627",627,"A",NA,NA,NA,"-","-"
"628",628,"A",NA,NA,NA,"-","-"
"629",629,"A",NA,NA,NA,"-","-"
"630",630,"T",NA,NA,NA,"-","-"
"631",631,"G",NA,NA,NA,"-","-"
"632",632,"C",NA,NA,NA,"-","-"
"633",633,"G",NA,NA,NA,"-","-"
"634",634,"A",NA,NA,NA,"-","-"
"635",635,"C",NA,NA,NA,"-","-"
"636",636,"T",NA,NA,NA,"-","-"
"637",637,"G",NA,NA,NA,"-","-"
"638",638,"C",NA,NA,NA,"-","-"
"639",639,"T",NA,NA,NA,"-","-"
"640",640,"A",NA,NA,NA,"-","-"
"641",641,"G",NA,NA,NA,"-","-"
"642",642,"T",NA,NA,NA,"-","-"
"643",643,"T",NA,NA,NA,"-","-"
"644",644,"T",NA,NA,NA,"-","-"
"645",645,"T",NA,NA,NA,"-","-"
"646",646,"A",NA,NA,NA,"-","-"
"647",647,"T",NA,NA,NA,"-","-"
"648",648,"A",NA,NA,NA,"-","-"
"649",649,"T",NA,NA,NA,"-","-"
"650",650,"A",NA,NA,NA,"-","-"
"651",651,"T",NA,NA,NA,"-","-"
"652",652,"A",NA,NA,NA,"-","-"
"653",653,"A",NA,NA,NA,"-","-"
"654",654,"T",NA,NA,NA,"-","-"
"655",655,"G",NA,NA,NA,"-","-"
"656",656,"G",NA,NA,NA,"-","-"
"657",657,"G",NA,NA,NA,"-","-"
"658",658,"A",NA,NA,NA,"-","-"
"659",659,"T",NA,NA,NA,"-","-"
"660",660,"A",NA,NA,NA,"-","-"
"661",661,"C",NA,NA,NA,"-","-"
"662",662,"T",NA,NA,NA,"-","-"
"663",663,"T",NA,NA,NA,"-","-"
"664",664,"G",NA,NA,NA,"-","-"
"665",665,"T",NA,NA,NA,"-","-"
"666",666,"T",NA,NA,NA,"-","-"
"667",667,"G",NA,NA,NA,"-","-"
"668",668,"A",NA,NA,NA,"-","-"
"669",669,"C",NA,NA,NA,"-","-"
"670",670,"A",NA,NA,NA,"-","-"
"671",671,"G",NA,NA,NA,"-","-"
"672",672,"T",NA,NA,NA,"-","-"
"673",673,"A",NA,NA,NA,"-","-"
"674",674,"T",NA,NA,NA,"-","-"
"675",675,"C",NA,NA,NA,"-","-"
"676",676,"G",NA,NA,NA,"-","-"
"677",677,"G",NA,NA,NA,"-","-"
"678",678,"T",NA,NA,NA,"-","-"
"679",679,"T",NA,NA,NA,"-","-"
"680",680,"C",NA,NA,NA,"-","-"
"681",681,"A",NA,NA,NA,"-","-"
"682",682,"T",NA,NA,NA,"-","-"
"683",683,"G",NA,NA,NA,"-","-"
"684",684,"G",NA,NA,NA,"-","-"
"685",685,"T",NA,NA,NA,"-","-"
"686",686,"C",NA,NA,NA,"-","-"
"687",687,"T",NA,NA,NA,"-","-"
"688",688,"C",NA,NA,NA,"-","-"
"689",689,"A",NA,NA,NA,"-","-"
"690",690,"A",NA,NA,NA,"-","-"
"691",691,"A",NA,NA,NA,"-","-"
"692",692,"A",NA,NA,NA,"-","-"
"693",693,"T",NA,NA,NA,"-","-"
"694",694,"A",NA,NA,NA,"-","-"
"695",695,"T",NA,NA,NA,"-","-"
"696",696,"C",NA,NA,NA,"-","-"
"697",697,"C",NA,NA,NA,"-","-"
"698",698,"T",NA,NA,NA,"-","-"
"699",699,"C",NA,NA,NA,"-","-"
"700",700,"A",NA,NA,NA,"-","-"
"701",701,"G",NA,NA,NA,"-","-"
"702",702,"A",NA,NA,NA,"-","-"
"703",703,"A",NA,NA,NA,"-","-"
"704",704,"C",NA,NA,NA,"-","-"
"705",705,"T",NA,NA,NA,"-","-"
"706",706,"C",NA,NA,NA,"-","-"
"707",707,"A",NA,NA,NA,"-","-"
"708",708,"G",NA,NA,NA,"-","-"
"709",709,"G",NA,NA,NA,"-","-"
"710",710,"A",NA,NA,NA,"-","-"
"711",711,"G",NA,NA,NA,"-","-"
"712",712,"T",NA,NA,NA,"-","-"
"713",713,"C",NA,NA,NA,"-","-"
"714",714,"A",NA,NA,NA,"-","-"
"715",715,"G",NA,NA,NA,"-","-"
"716",716,"A",NA,NA,NA,"-","-"
"717",717,"G",NA,NA,NA,"-","-"
"718",718,"T",NA,NA,NA,"-","-"
"719",719,"G",NA,NA,NA,"-","-"
"720",720,"C",NA,NA,NA,"-","-"
"721",721,"G",NA,NA,NA,"-","-"
"722",722,"T",NA,NA,NA,"-","-"
"723",723,"T",NA,NA,NA,"-","-"
"724",724,"T",NA,NA,NA,"-","-"
"725",725,"G",NA,NA,NA,"-","-"
"726",726,"C",NA,NA,NA,"-","-"
"727",727,"A",NA,NA,NA,"-","-"
"728",728,"T",NA,NA,NA,"-","-"
"729",729,"C",NA,NA,NA,"-","-"
"730",730,"A",NA,NA,NA,"-","-"
"731",731,"G",NA,NA,NA,"-","-"
"732",732,"T",NA,NA,NA,"-","-"
"733",733,"G",NA,NA,NA,"-","-"
"734",734,"G",NA,NA,NA,"-","-"
"735",735,"G",NA,NA,NA,"-","-"
"736",736,"A",NA,NA,NA,"-","-"
"737",737,"C",NA,NA,NA,"-","-"
"738",738,"T",NA,NA,NA,"-","-"
"739",739,"T",NA,NA,NA,"-","-"
"740",740,"G",NA,NA,NA,"-","-"
"741",741,"C",NA,NA,NA,"-","-"
"742",742,"G",NA,NA,NA,"-","-"
"743",743,"C",NA,NA,NA,"-","-"
"744",744,"A",NA,NA,NA,"-","-"
"745",745,"G",NA,NA,NA,"-","-"
"746",746,"T",NA,NA,NA,"-","-"
"747",747,"A",NA,NA,NA,"-","-"
"748",748,"G",NA,NA,NA,"-","-"
"749",749,"T",NA,NA,NA,"-","-"
"750",750,"A",NA,NA,NA,"-","-"
"751",751,"A",NA,NA,NA,"-","-"
"752",752,"T",NA,NA,NA,"-","-"
"753",753,"G",NA,NA,NA,"-","-"
"754",754,"A",NA,NA,NA,"-","-"
"755",755,"C",NA,NA,NA,"-","-"
"756",756,"T",NA,NA,NA,"-","-"
"757",757,"G",NA,NA,NA,"-","-"
"758",758,"A",NA,NA,NA,"-","-"
"759",759,"T",NA,NA,NA,"-","-"
"760",760,"G",NA,NA,NA,"-","-"
"761",761,"G",NA,NA,NA,"-","-"
"762",762,"A",NA,NA,NA,"-","-"
"763",763,"A",NA,NA,NA,"-","-"
"764",764,"G",NA,NA,NA,"-","-"
"765",765,"T",NA,NA,NA,"-","-"
"766",766,"G",NA,NA,NA,"-","-"
"767",767,"C",NA,NA,NA,"-","-"
"768",768,"A",NA,NA,NA,"-","-"
"769",769,"T",NA,NA,NA,"-","-"
"770",770,"C",NA,NA,NA,"-","-"
"771",771,"A",NA,NA,NA,"-","-"
"772",772,"G",NA,NA,NA,"-","-"
"773",773,"G",NA,NA,NA,"-","-"
"774",774,"A",NA,NA,NA,"-","-"
"775",775,"A",NA,NA,NA,"-","-"
"776",776,"A",NA,NA,NA,"-","-"
"777",777,"G",NA,NA,NA,"-","-"
"778",778,"G",NA,NA,NA,"-","-"
"779",779,"C",NA,NA,NA,"-","-"
"780",780,"C",NA,NA,NA,"-","-"
"781",781,"G",NA,NA,NA,"-","-"
"782",782,"A",NA,NA,NA,"-","-"
"783",783,"T",NA,NA,NA,"-","-"
"784",784,"A",NA,NA,NA,"-","-"
"785",785,"C",NA,NA,NA,"-","-"
"786",786,"T",NA,NA,NA,"-","-"
"787",787,"A",NA,NA,NA,"-","-"
"788",788,"G",NA,NA,NA,"-","-"
"789",789,"A",NA,NA,NA,"-","-"
"790",790,"A",NA,NA,NA,"-","-"
"791",791,"T",NA,NA,NA,"-","-"
"792",792,"A",NA,NA,NA,"-","-"
"793",793,"T",NA,NA,NA,"-","-"
"794",794,"T",NA,NA,NA,"-","-"
"795",795,"A",NA,NA,NA,"-","-"
"796",796,"T",NA,NA,NA,"-","-"
"797",797,"T",NA,NA,NA,"-","-"
"798",798,"C",NA,NA,NA,"-","-"
"799",799,"A",NA,NA,NA,"-","-"
"800",800,"T",NA,NA,NA,"-","-"
"801",801,"T",NA,NA,NA,"-","-"
"802",802,"A",NA,NA,NA,"-","-"
"803",803,"A",NA,NA,NA,"-","-"
"804",804,"A",NA,NA,NA,"-","-"
"805",805,"G",NA,NA,NA,"-","-"
"806",806,"A",NA,NA,NA,"-","-"
"807",807,"G",NA,NA,NA,"-","-"
"808",808,"G",NA,NA,NA,"-","-"
"809",809,"G",NA,NA,NA,"-","-"
"810",810,"G",NA,NA,NA,"-","-"
"811",811,"A",NA,NA,NA,"-","-"
"812",812,"A",NA,NA,NA,"-","-"
"813",813,"A",NA,NA,NA,"-","-"
"814",814,"A",NA,NA,NA,"-","-"
"815",815,"T",NA,NA,NA,"-","-"
"816",816,"T",NA,NA,NA,"-","-"
"817",817,"G",NA,NA,NA,"-","-"
"818",818,"T",NA,NA,NA,"-","-"
"819",819,"C",NA,NA,NA,"-","-"
"820",820,"C",NA,NA,NA,"-","-"
"821",821,"A",NA,NA,NA,"-","-"
"822",822,"C",NA,NA,NA,"-","-"
"823",823,"A",NA,NA,NA,"-","-"
"824",824,"T",NA,NA,NA,"-","-"
"825",825,"T",NA,NA,NA,"-","-"
"826",826,"A",NA,NA,NA,"-","-"
"827",827,"G",NA,NA,NA,"-","-"
"828",828,"C",NA,NA,NA,"-","-"
"829",829,"C",NA,NA,NA,"-","-"
"830",830,"C",NA,NA,NA,"-","-"
"831",831,"A",NA,NA,NA,"-","-"
"832",832,"C",NA,NA,NA,"-","-"
"833",833,"T",NA,NA,NA,"-","-"
"834",834,"G",NA,NA,NA,"-","-"
"835",835,"T",NA,NA,NA,"-","-"
"836",836,"C",NA,NA,NA,"-","-"
"837",837,"A",NA,NA,NA,"-","-"
"838",838,"G",NA,NA,NA,"-","-"
"839",839,"G",NA,NA,NA,"-","-"
"840",840,"A",NA,NA,NA,"-","-"
"841",841,"A",NA,NA,NA,"-","-"
"842",842,"G",NA,NA,NA,"-","-"
"843",843,"T",NA,NA,NA,"-","-"
"844",844,"G",NA,NA,NA,"-","-"
"845",845,"C",NA,NA,NA,"-","-"
"846",846,"T",NA,NA,NA,"-","-"
"847",847,"C",NA,NA,NA,"-","-"
"848",848,"A",NA,NA,NA,"-","-"
"849",849,"G",NA,NA,NA,"-","-"
"850",850,"C",NA,NA,NA,"-","-"
"851",851,"A",NA,NA,NA,"-","-"
"852",852,"T",NA,NA,NA,"-","-"
"853",853,"A",NA,NA,NA,"-","-"
"854",854,"T",NA,NA,NA,"-","-"
"855",855,"A",NA,NA,NA,"-","-"
"856",856,"G",NA,NA,NA,"-","-"
"857",857,"A",NA,NA,NA,"-","-"
"858",858,"G",NA,NA,NA,"-","-"
"859",859,"G",NA,NA,NA,"-","-"
"860",860,"A",NA,NA,NA,"-","-"
"861",861,"A",NA,NA,NA,"-","-"
"862",862,"T",NA,NA,NA,"-","-"
"863",863,"G",NA,NA,NA,"-","-"
"864",864,"C",NA,NA,NA,"-","-"
"865",865,"T",NA,NA,NA,"-","-"
"866",866,"C",NA,NA,NA,"-","-"
"867",867,"T",NA,NA,NA,"-","-"
"868",868,"T",NA,NA,NA,"-","-"
"869",869,"G",NA,NA,NA,"-","-"
"870",870,"T",NA,NA,NA,"-","-"
"871",871,"T",NA,NA,NA,"-","-"
"872",872,"A",NA,NA,NA,"-","-"
"873",873,"T",NA,NA,NA,"-","-"
"874",874,"C",NA,NA,NA,"-","-"
"875",875,"C",NA,NA,NA,"-","-"
"876",876,"C",NA,NA,NA,"-","-"
"877",877,"C",NA,NA,NA,"-","-"
"878",878,"G",NA,NA,NA,"-","-"
"879",879,"A",NA,NA,NA,"-","-"
"880",880,"T",NA,NA,NA,"-","-"
"881",881,"A",NA,NA,NA,"-","-"
"882",882,"C",NA,NA,NA,"-","-"
"883",883,"C",NA,NA,NA,"-","-"
"884",884,"C",NA,NA,NA,"-","-"
"885",885,"A",NA,NA,NA,"-","-"
"886",886,"A",NA,NA,NA,"-","-"
"887",887,"A",NA,NA,NA,"-","-"
"888",888,"T",NA,NA,NA,"-","-"
"889",889,"G",NA,NA,NA,"-","-"
"890",890,"T",NA,NA,NA,"-","-"
"891",891,"C",NA,NA,NA,"-","-"
"892",892,"A",NA,NA,NA,"-","-"
"893",893,"G",NA,NA,NA,"-","-"
"894",894,"A",NA,NA,NA,"-","-"
"895",895,"T",NA,NA,NA,"-","-"
"896",896,"G",NA,NA,NA,"-","-"
"897",897,"T",NA,NA,NA,"-","-"
"898",898,"G",NA,NA,NA,"-","-"
"899",899,"T",NA,NA,NA,"-","-"
"900",900,"T",NA,NA,NA,"-","-"
"901",901,"T",NA,NA,NA,"-","-"
"902",902,"G",NA,NA,NA,"-","-"
"903",903,"C",NA,NA,NA,"-","-"
"904",904,"A",NA,NA,NA,"-","-"
"905",905,"G",NA,NA,NA,"-","-"
"906",906,"A",NA,NA,NA,"-","-"
"907",907,"G",NA,NA,NA,"-","-"
"908",908,"A",NA,NA,NA,"-","-"
"909",909,"C",NA,NA,NA,"-","-"
"910",910,"A",NA,NA,NA,"-","-"
"911",911,"A",NA,NA,NA,"-","-"
"912",912,"C",NA,NA,NA,"-","-"
"913",913,"T",NA,NA,NA,"-","-"
"914",914,"G",NA,NA,NA,"-","-"
"915",915,"G",NA,NA,NA,"-","-"
"916",916,"A",NA,NA,NA,"-","-"
"917",917,"G",NA,NA,NA,"-","-"
"918",918,"G",NA,NA,NA,"-","-"
"919",919,"G",NA,NA,NA,"-","-"
"920",920,"G",NA,NA,NA,"-","-"
"921",921,"C",NA,NA,NA,"-","-"
"922",922,"T",NA,NA,NA,"-","-"
"923",923,"C",NA,NA,NA,"-","-"
"924",924,"T",NA,NA,NA,"-","-"
"925",925,"A",NA,NA,NA,"-","-"
"926",926,"A",NA,NA,NA,"-","-"
"927",927,"T",NA,NA,NA,"-","-"
"928",928,"A",NA,NA,NA,"-","-"
"929",929,"G",NA,NA,NA,"-","-"
"930",930,"G",NA,NA,NA,"-","-"
"931",931,"C",NA,NA,NA,"-","-"
"932",932,"C",NA,NA,NA,"-","-"
"933",933,"T",NA,NA,NA,"-","-"
"934",934,"G",NA,NA,NA,"-","-"
"935",935,"T",NA,NA,NA,"-","-"
"936",936,"T",NA,NA,NA,"-","-"
"937",937,"A",NA,NA,NA,"-","-"
"938",938,"T",NA,NA,NA,"-","-"
"939",939,"A",NA,NA,NA,"-","-"
"940",940,"G",NA,NA,NA,"-","-"
"941",941,"A",NA,NA,NA,"-","-"
"942",942,"T",NA,NA,NA,"-","-"
"943",943,"G",NA,NA,NA,"-","-"
"944",944,"T",NA,NA,NA,"-","-"
"945",945,"A",NA,NA,NA,"-","-"
"946",946,"A",NA,NA,NA,"-","-"
"947",947,"A",NA,NA,NA,"-","-"
"948",948,"T",NA,NA,NA,"-","-"
"949",949,"A",NA,NA,NA,"-","-"
"950",950,"T",NA,NA,NA,"-","-"
"951",951,"G",NA,NA,NA,"-","-"
"952",952,"G",NA,NA,NA,"-","-"
"953",953,"C",NA,NA,NA,"-","-"
"954",954,"A",NA,NA,NA,"-","-"
"955",955,"G",NA,NA,NA,"-","-"
"956",956,"A",NA,NA,NA,"-","-"
"957",957,"T",NA,NA,NA,"-","-"
"958",958,"T",NA,NA,NA,"-","-"
"959",959,"A",NA,NA,NA,"-","-"
"960",960,"T",NA,NA,NA,"-","-"
"961",961,"A",NA,NA,NA,"-","-"
"962",962,"G",NA,NA,NA,"-","-"
"963",963,"C",NA,NA,NA,"-","-"
"964",964,"A",NA,NA,NA,"-","-"
"965",965,"T",NA,NA,NA,"-","-"
"966",966,"T",NA,NA,NA,"-","-"
"967",967,"G",NA,NA,NA,"-","-"
"968",968,"A",NA,NA,NA,"-","-"
"969",969,"T",NA,NA,NA,"-","-"
"970",970,"T",NA,NA,NA,"-","-"
"971",971,"C",NA,NA,NA,"-","-"
"972",972,"C",NA,NA,NA,"-","-"
"973",973,"A",NA,NA,NA,"-","-"
"974",974,"G",NA,NA,NA,"-","-"
"975",975,"T",NA,NA,NA,"-","-"
"976",976,"T",NA,NA,NA,"-","-"
"977",977,"A",NA,NA,NA,"-","-"
"978",978,"T",NA,NA,NA,"-","-"
"979",979,"G",NA,NA,NA,"-","-"
"980",980,"T",NA,NA,NA,"-","-"
"981",981,"G",NA,NA,NA,"-","-"
"982",982,"T",NA,NA,NA,"-","-"
"983",983,"G",NA,NA,NA,"-","-"
"984",984,"C",NA,NA,NA,"-","-"
"985",985,"T",NA,NA,NA,"-","-"
"986",986,"C",NA,NA,NA,"-","-"
"987",987,"A",NA,NA,NA,"-","-"
"988",988,"G",NA,NA,NA,"-","-"
"989",989,"G",NA,NA,NA,"-","-"
"990",990,"A",NA,NA,NA,"-","-"
"991",991,"C",NA,NA,NA,"-","-"
"992",992,"T",NA,NA,NA,"-","-"
"993",993,"T",NA,NA,NA,"-","-"
"994",994,"G",NA,NA,NA,"-","-"
"995",995,"T",NA,NA,NA,"-","-"
"996",996,"T",NA,NA,NA,"-","-"
"997",997,"G",NA,NA,NA,"-","-"
"998",998,"G",NA,NA,NA,"-","-"
"999",999,"A",NA,NA,NA,"-","-"
"1000",1000,"G",NA,NA,NA,"-","-"
"1001",1001,"A",NA,NA,NA,"-","-"
"1002",1002,"C",NA,NA,NA,"-","-"
"1003",1003,"A",NA,NA,NA,"-","-"
"1004",1004,"C",NA,NA,NA,"-","-"
"1005",1005,"A",NA,NA,NA,"-","-"
"1006",1006,"C",NA,NA,NA,"-","-"
"1007",1007,"C",NA,NA,NA,"-","-"
"1008",1008,"A",NA,NA,NA,"-","-"
"1009",1009,"A",NA,NA,NA,"-","-"
"1010",1010,"G",NA,NA,NA,"-","-"
"1011",1011,"G",NA,NA,NA,"-","-"
"1012",1012,"A",NA,NA,NA,"-","-"
"1013",1013,"A",NA,NA,NA,"-","-"
"1014",1014,"C",NA,NA,NA,"-","-"
"1015",1015,"G",NA,NA,NA,"-","-"
"1016",1016,"A",NA,NA,NA,"-","-"
"1017",1017,"T",NA,NA,NA,"-","-"
"1018",1018,"G",NA,NA,NA,"-","-"
"1019",1019,"A",NA,NA,NA,"-","-"
"1020",1020,"T",NA,NA,NA,"-","-"
"1021",1021,"A",NA,NA,NA,"-","-"
"1022",1022,"G",NA,NA,NA,"-","-"
"1023",1023,"C",NA,NA,NA,"-","-"
"1024",1024,"T",NA,NA,NA,"-","-"
"1025",1025,"C",NA,NA,NA,"-","-"
"1026",1026,"T",NA,NA,NA,"-","-"
"1027",1027,"A",NA,NA,NA,"-","-"
"1028",1028,"G",NA,NA,NA,"-","-"
"1029",1029,"C",NA,NA,NA,"-","-"
"1030",1030,"A",NA,NA,NA,"-","-"
"1031",1031,"A",NA,NA,NA,"-","-"
"1032",1032,"C",NA,NA,NA,"-","-"
"1033",1033,"A",NA,NA,NA,"-","-"
"1034",1034,"G",NA,NA,NA,"-","-"
"1035",1035,"C",NA,NA,NA,"-","-"
"1036",1036,"A",NA,NA,NA,"-","-"
"1037",1037,"A",NA,NA,NA,"-","-"
"1038",1038,"T",NA,NA,NA,"-","-"
"1039",1039,"T",NA,NA,NA,"-","-"
"1040",1040,"G",NA,NA,NA,"-","-"
"1041",1041,"C",NA,NA,NA,"-","-"
"1042",1042,"A",NA,NA,NA,"-","-"
"1043",1043,"G",NA,NA,NA,"-","-"
"1044",1044,"G",NA,NA,NA,"-","-"
"1045",1045,"G",NA,NA,NA,"-","-"
"1046",1046,"A",NA,NA,NA,"-","-"
"1047",1047,"T",NA,NA,NA,"-","-"
"1048",1048,"C",NA,NA,NA,"-","-"
"1049",1049,"C",NA,NA,NA,"-","-"
"1050",1050,"C",NA,NA,NA,"-","-"
"1051",1051,"A",NA,NA,NA,"-","-"
"1052",1052,"A",NA,NA,NA,"-","-"
"1053",1053,"T",NA,NA,NA,"-","-"
"1054",1054,"A",NA,NA,NA,"-","-"
"1055",1055,"A",NA,NA,NA,"-","-"
"1056",1056,"T",NA,NA,NA,"-","-"
"1057",1057,"G",NA,NA,NA,"-","-"
"1058",1058,"A",NA,NA,NA,"-","-"
"1059",1059,"A",NA,NA,NA,"-","-"
"1060",1060,"A",NA,NA,NA,"-","-"
"1061",1061,"G",NA,NA,NA,"-","-"
"1062",1062,"G",NA,NA,NA,"-","-"
"1063",1063,"G",NA,NA,NA,"-","-"
"1064",1064,"G",NA,NA,NA,"-","-"
"1065",1065,"A",NA,NA,NA,"-","-"
"1066",1066,"A",NA,NA,NA,"-","-"
"1067",1067,"A",NA,NA,NA,"-","-"
"1068",1068,"C",NA,NA,NA,"-","-"
"1069",1069,"C",NA,NA,NA,"-","-"
"1070",1070,"C",NA,NA,NA,"-","-"
"1071",1071,"A",NA,NA,NA,"-","-"
"1072",1072,"G",NA,NA,NA,"-","-"
"1073",1073,"G",NA,NA,NA,"-","-"
"1074",1074,"A",NA,NA,NA,"-","-"
"1075",1075,"G",NA,NA,NA,"-","-"
"1076",1076,"T",NA,NA,NA,"-","-"
"1077",1077,"G",NA,NA,NA,"-","-"
"1078",1078,"A",NA,NA,NA,"-","-"
"1079",1079,"A",NA,NA,NA,"-","-"
"1080",1080,"A",NA,NA,NA,"-","-"
"1081",1081,"G",NA,NA,NA,"-","-"
"1082",1082,"G",NA,NA,NA,"-","-"
"1083",1083,"G",NA,NA,NA,"-","-"
"1084",1084,"T",NA,NA,NA,"-","-"
"1085",1085,"G",NA,NA,NA,"-","-"
"1086",1086,"G",NA,NA,NA,"-","-"
"1087",1087,"G",NA,NA,NA,"-","-"
"1088",1088,"C",NA,NA,NA,"-","-"
"1089",1089,"C",NA,NA,NA,"-","-"
"1090",1090,"T",NA,NA,NA,"-","-"
"1091",1091,"T",NA,NA,NA,"-","-"
"1092",1092,"T",NA,NA,NA,"-","-"
"1093",1093,"G",NA,NA,NA,"-","-"
"1094",1094,"A",NA,NA,NA,"-","-"
"1095",1095,"C",NA,NA,NA,"-","-"
"1096",1096,"A",NA,NA,NA,"-","-"
"1097",1097,"A",NA,NA,NA,"-","-"
"1098",1098,"T",NA,NA,NA,"-","-"
"1099",1099,"G",NA,NA,NA,"-","-"
"1100",1100,"G",NA,NA,NA,"-","-"
"1101",1101,"A",NA,NA,NA,"-","-"
"1102",1102,"G",NA,NA,NA,"-","-"
"1103",1103,"A",NA,NA,NA,"-","-"
"1104",1104,"T",NA,NA,NA,"-","-"
"1105",1105,"G",NA,NA,NA,"-","-"
"1106",1106,"A",NA,NA,NA,"-","-"
"1107",1107,"T",NA,NA,NA,"-","-"
"1108",1108,"G",NA,NA,NA,"-","-"
"1109",1109,"T",NA,NA,NA,"-","-"
"1110",1110,"T",NA,NA,NA,"-","-"
"1111",1111,"T",NA,NA,NA,"-","-"
"1112",1112,"G",NA,NA,NA,"-","-"
"1113",1113,"G",NA,NA,NA,"-","-"
"1114",1114,"A",NA,NA,NA,"-","-"
"1115",1115,"T",NA,NA,NA,"-","-"
"1116",1116,"G",NA,NA,NA,"-","-"
"1117",1117,"G",NA,NA,NA,"-","-"
"1118",1118,"G",NA,NA,NA,"-","-"
"1119",1119,"A",NA,NA,NA,"-","-"
"1120",1120,"A",NA,NA,NA,"-","-"
"1121",1121,"G",NA,NA,NA,"-","-"
"1122",1122,"A",NA,NA,NA,"-","-"
"1123",1123,"A",NA,NA,NA,"-","-"
"1124",1124,"C",NA,NA,NA,"-","-"
"1125",1125,"A",NA,NA,NA,"-","-"
"1126",1126,"A",NA,NA,NA,"-","-"
"1127",1127,"T",NA,NA,NA,"-","-"
"1128",1128,"C",NA,NA,NA,"-","-"
"1129",1129,"A",NA,NA,NA,"-","-"
"1130",1130,"G",NA,NA,NA,"-","-"
"1131",1131,"T",NA,NA,NA,"-","-"
"1132",1132,"A",NA,NA,NA,"-","-"
"1133",1133,"A",NA,NA,NA,"-","-"
"1134",1134,"A",NA,NA,NA,"-","-"
"1135",1135,"G",NA,NA,NA,"-","-"
"1136",1136,"A",NA,NA,NA,"-","-"
"1137",1137,"T",NA,NA,NA,"-","-"
"1138",1138,"T",NA,NA,NA,"-","-"
"1139",1139,"C",NA,NA,NA,"-","-"
"1140",1140,"T",NA,NA,NA,"-","-"
"1141",1141,"C",NA,NA,NA,"-","-"
"1142",1142,"G",NA,NA,NA,"-","-"
"1143",1143,"C",NA,NA,NA,"-","-"
"1144",1144,"T",NA,NA,NA,"-","-"
"1145",1145,"C",NA,NA,NA,"-","-"
"1146",1146,"A",NA,NA,NA,"-","-"
"1147",1147,"G",NA,NA,NA,"-","-"
"1148",1148,"G",NA,NA,NA,"-","-"
"1149",1149,"C",NA,NA,NA,"-","-"
"1150",1150,"T",NA,NA,NA,"-","-"
"1151",1151,"A",NA,NA,NA,"-","-"
"1152",1152,"T",NA,NA,NA,"-","-"
"1153",1153,"G",NA,NA,NA,"-","-"
"1154",1154,"A",NA,NA,NA,"-","-"
"1155",1155,"G",NA,NA,NA,"-","-"
"1156",1156,"A",NA,NA,NA,"-","-"
"1157",1157,"C",NA,NA,NA,"-","-"
"1158",1158,"C",NA,NA,NA,"-","-"
"1159",1159,"T",NA,NA,NA,"-","-"
"1160",1160,"T",NA,NA,NA,"-","-"
"1161",1161,"T",NA,NA,NA,"-","-"
"1162",1162,"A",NA,NA,NA,"-","-"
"1163",1163,"G",NA,NA,NA,"-","-"
"1164",1164,"G",NA,NA,NA,"-","-"
"1165",1165,"G",NA,NA,NA,"-","-"
"1166",1166,"T",NA,NA,NA,"-","-"
"1167",1167,"C",NA,NA,NA,"-","-"
"1168",1168,"A",NA,NA,NA,"-","-"
"1169",1169,"T",NA,NA,NA,"-","-"
"1170",1170,"T",NA,NA,NA,"-","-"
"1171",1171,"G",NA,NA,NA,"-","-"
"1172",1172,"G",NA,NA,NA,"-","-"
"1173",1173,"T",NA,NA,NA,"-","-"
"1174",1174,"G",NA,NA,NA,"-","-"
"1175",1175,"G",NA,NA,NA,"-","-"
"1176",1176,"T",NA,NA,NA,"-","-"
"1177",1177,"T",NA,NA,NA,"-","-"
"1178",1178,"G",NA,NA,NA,"-","-"
"1179",1179,"G",NA,NA,NA,"-","-"
"1180",1180,"G",NA,NA,NA,"-","-"
"1181",1181,"C",NA,NA,NA,"-","-"
"1182",1182,"T",NA,NA,NA,"-","-"
"1183",1183,"A",NA,NA,NA,"-","-"
"1184",1184,"C",NA,NA,NA,"-","-"
"1185",1185,"T",NA,NA,NA,"-","-"
"1186",1186,"G",NA,NA,NA,"-","-"
"1187",1187,"C",NA,NA,NA,"-","-"
"1188",1188,"T",NA,NA,NA,"-","-"
"1189",1189,"A",NA,NA,NA,"-","-"
"1190",1190,"A",NA,NA,NA,"-","-"
"1191",1191,"T",NA,NA,NA,"-","-"
"1192",1192,"T",NA,NA,NA,"-","-"
"1193",1193,"C",NA,NA,NA,"-","-"
"1194",1194,"C",NA,NA,NA,"-","-"
"1195",1195,"A",NA,NA,NA,"-","-"
"1196",1196,"A",NA,NA,NA,"-","-"
"1197",1197,"G",NA,NA,NA,"-","-"
"1198",1198,"T",NA,NA,NA,"-","-"
"1199",1199,"C",NA,NA,NA,"-","-"
"1200",1200,"A",NA,NA,NA,"-","-"
"1201",1201,"C",NA,NA,NA,"-","-"
"1202",1202,"A",NA,NA,NA,"-","-"
"1203",1203,"G",NA,NA,NA,"-","-"
"1204",1204,"A",NA,NA,NA,"-","-"
"1205",1205,"C",NA,NA,NA,"-","-"
"1206",1206,"C",NA,NA,NA,"-","-"
"1207",1207,"A",NA,NA,NA,"-","-"
"1208",1208,"A",NA,NA,NA,"-","-"
"1209",1209,"T",NA,NA,NA,"-","-"
"1210",1210,"A",NA,NA,NA,"-","-"
"1211",1211,"G",NA,NA,NA,"-","-"
"1212",1212,"G",NA,NA,NA,"-","-"
"1213",1213,"C",NA,NA,NA,"-","-"
"1214",1214,"A",NA,NA,NA,"-","-"
"1215",1215,"A",NA,NA,NA,"-","-"
"1216",1216,"G",NA,NA,NA,"-","-"
"1217",1217,"T",NA,NA,NA,"-","-"
"1218",1218,"C",NA,NA,NA,"-","-"
"1219",1219,"A",NA,NA,NA,"-","-"
"1220",1220,"T",NA,NA,NA,"-","-"
"1221",1221,"A",NA,NA,NA,"-","-"
"1222",1222,"G",NA,NA,NA,"-","-"
"1223",1223,"T",NA,NA,NA,"-","-"
"1224",1224,"T",NA,NA,NA,"-","-"
"1225",1225,"G",NA,NA,NA,"-","-"
"1226",1226,"A",NA,NA,NA,"-","-"
"1227",1227,"C",NA,NA,NA,"-","-"
"1228",1228,"A",NA,NA,NA,"-","-"
"1229",1229,"A",NA,NA,NA,"-","-"
"1230",1230,"T",NA,NA,NA,"-","-"
"1231",1231,"A",NA,NA,NA,"-","-"
"1232",1232,"A",NA,NA,NA,"-","-"
"1233",1233,"T",NA,NA,NA,"-","-"
"1234",1234,"A",NA,NA,NA,"-","-"
"1235",1235,"A",NA,NA,NA,"-","-"
"1236",1236,"C",NA,NA,NA,"-","-"
"1237",1237,"T",NA,NA,NA,"-","-"
"1238",1238,"G",NA,NA,NA,"-","-"
"1239",1239,"G",NA,NA,NA,"-","-"
"1240",1240,"T",NA,NA,NA,"-","-"
"1241",1241,"C",NA,NA,NA,"-","-"
"1242",1242,"T",NA,NA,NA,"-","-"
"1243",1243,"G",NA,NA,NA,"-","-"
"1244",1244,"G",NA,NA,NA,"-","-"
"1245",1245,"T",NA,NA,NA,"-","-"
"1246",1246,"T",NA,NA,NA,"-","-"
"1247",1247,"A",NA,NA,NA,"-","-"
"1248",1248,"T",NA,NA,NA,"-","-"
"1249",1249,"T",NA,NA,NA,"-","-"
"1250",1250,"C",NA,NA,NA,"-","-"
"1251",1251,"T",NA,NA,NA,"-","-"
"1252",1252,"G",NA,NA,NA,"-","-"
"1253",1253,"G",NA,NA,NA,"-","-"
"1254",1254,"T",NA,NA,NA,"-","-"
"1255",1255,"A",NA,NA,NA,"-","-"
"1256",1256,"T",NA,NA,NA,"-","-"
"1257",1257,"T",NA,NA,NA,"-","-"
"1258",1258,"T",NA,NA,NA,"-","-"
"1259",1259,"T",NA,NA,NA,"-","-"
"1260",1260,"C",NA,NA,NA,"-","-"
"1261",1261,"T",NA,NA,NA,"-","-"
"1262",1262,"C",NA,NA,NA,"-","-"
"1263",1263,"T",NA,NA,NA,"-","-"
"1264",1264,"G",NA,NA,NA,"-","-"
"1265",1265,"T",NA,NA,NA,"-","-"
"1266",1266,"T",NA,NA,NA,"-","-"
"1267",1267,"G",NA,NA,NA,"-","-"
"1268",1268,"A",NA,NA,NA,"-","-"
"1269",1269,"G",NA,NA,NA,"-","-"
"1270",1270,"A",NA,NA,NA,"-","-"
"1271",1271,"A",NA,NA,NA,"-","-"
"1272",1272,"C",NA,NA,NA,"-","-"
"1273",1273,"A",NA,NA,NA,"-","-"
"1274",1274,"A",NA,NA,NA,"-","-"
"1275",1275,"A",NA,NA,NA,"-","-"
"1276",1276,"A",NA,NA,NA,"-","-"
"1277",1277,"G",NA,NA,NA,"-","-"
"1278",1278,"C",NA,NA,NA,"-","-"
"1279",1279,"T",NA,NA,NA,"-","-"
"1280",1280,"G",NA,NA,NA,"-","-"
"1281",1281,"C",NA,NA,NA,"-","-"
"1282",1282,"A",NA,NA,NA,"-","-"
"1283",1283,"T",NA,NA,NA,"-","-"
"1284",1284,"C",NA,NA,NA,"-","-"
"1285",1285,"A",NA,NA,NA,"-","-"
"1286",1286,"A",NA,NA,NA,"-","-"
"1287",1287,"C",NA,NA,NA,"-","-"
"1288",1288,"A",NA,NA,NA,"-","-"
"1289",1289,"G",NA,NA,NA,"-","-"
"1290",1290,"G",NA,NA,NA,"-","-"
"1291",1291,"T",NA,NA,NA,"-","-"
"1292",1292,"G",NA,NA,NA,"-","-"
"1293",1293,"C",NA,NA,NA,"-","-"
"1294",1294,"T",NA,NA,NA,"-","-"
"1295",1295,"T",NA,NA,NA,"-","-"
"1296",1296,"T",NA,NA,NA,"-","-"
"1297",1297,"T",NA,NA,NA,"-","-"
"1298",1298,"A",NA,NA,NA,"-","-"
"1299",1299,"T",NA,NA,NA,"-","-"
"1300",1300,"G",NA,NA,NA,"-","-"
"1301",1301,"T",NA,NA,NA,"-","-"
"1302",1302,"G",NA,NA,NA,"-","-"
"1303",1303,"G",NA,NA,NA,"-","-"
"1304",1304,"A",NA,NA,NA,"-","-"
"1305",1305,"G",NA,NA,NA,"-","-"
"1306",1306,"T",NA,NA,NA,"-","-"
"1307",1307,"T",NA,NA,NA,"-","-"
"1308",1308,"A",NA,NA,NA,"-","-"
"1309",1309,"A",NA,NA,NA,"-","-"
"1310",1310,"T",NA,NA,NA,"-","-"
"1311",1311,"A",NA,NA,NA,"-","-"
"1312",1312,"A",NA,NA,NA,"-","-"
"1313",1313,"G",NA,NA,NA,"-","-"
"1314",1314,"A",NA,NA,NA,"-","-"
"1315",1315,"G",NA,NA,NA,"-","-"
"1316",1316,"G",NA,NA,NA,"-","-"
"1317",1317,"A",NA,NA,NA,"-","-"
"1318",1318,"A",NA,NA,NA,"-","-"
"1319",1319,"G",NA,NA,NA,"-","-"
"1320",1320,"A",NA,NA,NA,"-","-"
"1321",1321,"C",NA,NA,NA,"-","-"
"1322",1322,"C",NA,NA,NA,"-","-"
"1323",1323,"G",NA,NA,NA,"-","-"
"1324",1324,"C",NA,NA,NA,"-","-"
"1325",1325,"A",NA,NA,NA,"-","-"
"1326",1326,"G",NA,NA,NA,"-","-"
"1327",1327,"G",NA,NA,NA,"-","-"
"1328",1328,"A",NA,NA,NA,"-","-"
"1329",1329,"G",NA,NA,NA,"-","-"
"1330",1330,"G",NA,NA,NA,"-","-"
"1331",1331,"C",NA,NA,NA,"-","-"
"1332",1332,"T",NA,NA,NA,"-","-"
"1333",1333,"A",NA,NA,NA,"-","-"
"1334",1334,"G",NA,NA,NA,"-","-"
"1335",1335,"G",NA,NA,NA,"-","-"
"1336",1336,"G",NA,NA,NA,"-","-"
"1337",1337,"T",NA,NA,NA,"-","-"
"1338",1338,"A",NA,NA,NA,"-","-"
"1339",1339,"T",NA,NA,NA,"-","-"
"1340",1340,"G",NA,NA,NA,"-","-"
"1341",1341,"G",NA,NA,NA,"-","-"
"1342",1342,"T",NA,NA,NA,"-","-"
"1343",1343,"G",NA,NA,NA,"-","-"
"1344",1344,"G",NA,NA,NA,"-","-"
"1345",1345,"A",NA,NA,NA,"-","-"
"1346",1346,"C",NA,NA,NA,"-","-"
"1347",1347,"C",NA,NA,NA,"-","-"
"1348",1348,"T",NA,NA,NA,"-","-"
"1349",1349,"C",NA,NA,NA,"-","-"
"1350",1350,"A",NA,NA,NA,"-","-"
"1351",1351,"A",NA,NA,NA,"-","-"
"1352",1352,"A",NA,NA,NA,"-","-"
"1353",1353,"T",NA,NA,NA,"-","-"
"1354",1354,"A",NA,NA,NA,"-","-"
"1355",1355,"G",NA,NA,NA,"-","-"
"1356",1356,"T",NA,NA,NA,"-","-"
"1357",1357,"A",NA,NA,NA,"-","-"
"1358",1358,"T",NA,NA,NA,"-","-"
"1359",1359,"T",NA,NA,NA,"-","-"
"1360",1360,"G",NA,NA,NA,"-","-"
"1361",1361,"T",NA,NA,NA,"-","-"
"1362",1362,"C",NA,NA,NA,"-","-"
"1363",1363,"G",NA,NA,NA,"-","-"
"1364",1364,"T",NA,NA,NA,"-","-"
"1365",1365,"A",NA,NA,NA,"-","-"
"1366",1366,"T",NA,NA,NA,"-","-"
"1367",1367,"T",NA,NA,NA,"-","-"
"1368",1368,"T",NA,NA,NA,"-","-"
"1369",1369,"T",NA,NA,NA,"-","-"
"1370",1370,"G",NA,NA,NA,"-","-"
"1371",1371,"T",NA,NA,NA,"-","-"
"1372",1372,"G",NA,NA,NA,"-","-"
"1373",1373,"G",NA,NA,NA,"-","-"
"1374",1374,"C",NA,NA,NA,"-","-"
"1375",1375,"A",NA,NA,NA,"-","-"
"1376",1376,"C",NA,NA,NA,"-","-"
"1377",1377,"T",NA,NA,NA,"-","-"
"1378",1378,"T",NA,NA,NA,"-","-"
"1379",1379,"C",NA,NA,NA,"-","-"
"1380",1380,"A",NA,NA,NA,"-","-"
"1381",1381,"G",NA,NA,NA,"-","-"
"1382",1382,"G",NA,NA,NA,"-","-"
"1383",1383,"C",NA,NA,NA,"-","-"
"1384",1384,"A",NA,NA,NA,"-","-"
"1385",1385,"C",NA,NA,NA,"-","-"
"1386",1386,"C",NA,NA,NA,"-","-"
"1387",1387,"T",NA,NA,NA,"-","-"
"1388",1388,"A",NA,NA,NA,"-","-"
"1389",1389,"T",NA,NA,NA,"-","-"
"1390",1390,"G",NA,NA,NA,"-","-"
"1391",1391,"G",NA,NA,NA,"-","-"
"1392",1392,"A",NA,NA,NA,"-","-"
"1393",1393,"A",NA,NA,NA,"-","-"
"1394",1394,"C",NA,NA,NA,"-","-"
"1395",1395,"A",NA,NA,NA,"-","-"
"1396",1396,"G",NA,NA,NA,"-","-"
"1397",1397,"G",NA,NA,NA,"-","-"
"1398",1398,"C",NA,NA,NA,"-","-"
"1399",1399,"T",NA,NA,NA,"-","-"
"1400",1400,"C",NA,NA,NA,"-","-"
"1401",1401,"A",NA,NA,NA,"-","-"
"1402",1402,"T",NA,NA,NA,"-","-"
"1403",1403,"G",NA,NA,NA,"-","-"
"1404",1404,"G",NA,NA,NA,"-","-"
"1405",1405,"C",NA,NA,NA,"-","-"
"1406",1406,"C",NA,NA,NA,"-","-"
"1407",1407,"T",NA,NA,NA,"-","-"
"1408",1408,"G",NA,NA,NA,"-","-"
"1409",1409,"A",NA,NA,NA,"-","-"
"1410",1410,"T",NA,NA,NA,"-","-"
"1411",1411,"G",NA,NA,NA,"-","-"
"1412",1412,"G",NA,NA,NA,"-","-"
"1413",1413,"G",NA,NA,NA,"-","-"
"1414",1414,"G",NA,NA,NA,"-","-"
"1415",1415,"C",NA,NA,NA,"-","-"
"1416",1416,"G",NA,NA,NA,"-","-"
"1417",1417,"A",NA,NA,NA,"-","-"
"1418",1418,"A",NA,NA,NA,"-","-"
"1419",1419,"T",NA,NA,NA,"-","-"
"1420",1420,"A",NA,NA,NA,"-","-"
"1421",1421,"T",NA,NA,NA,"-","-"
"1422",1422,"C",NA,NA,NA,"-","-"
"1423",1423,"A",NA,NA,NA,"-","-"
"1424",1424,"A",NA,NA,NA,"-","-"
"1425",1425,"T",NA,NA,NA,"-","-"
"1426",1426,"T",NA,NA,NA,"-","-"
"1427",1427,"T",NA,NA,NA,"-","-"
"1428",1428,"C",NA,NA,NA,"-","-"
"1429",1429,"A",NA,NA,NA,"-","-"
"1430",1430,"T",NA,NA,NA,"-","-"
"1431",1431,"G",NA,NA,NA,"-","-"
"1432",1432,"C",NA,NA,NA,"-","-"
"1433",1433,"C",NA,NA,NA,"-","-"
"1434",1434,"T",NA,NA,NA,"-","-"
"1435",1435,"A",NA,NA,NA,"-","-"
"1436",1436,"T",NA,NA,NA,"-","-"
"1437",1437,"A",NA,NA,NA,"-","-"
"1438",1438,"T",NA,NA,NA,"-","-"
"1439",1439,"A",NA,NA,NA,"-","-"
"1440",1440,"A",NA,NA,NA,"-","-"
"1441",1441,"G",NA,NA,NA,"-","-"
"1442",1442,"C",NA,NA,NA,"-","-"
"1443",1443,"T",NA,NA,NA,"-","-"
"1444",1444,"T",NA,NA,NA,"-","-"
"1445",1445,"T",NA,NA,NA,"-","-"
"1446",1446,"C",NA,NA,NA,"-","-"
"1447",1447,"G",NA,NA,NA,"-","-"
"1448",1448,"C",NA,NA,NA,"-","-"
"1449",1449,"A",NA,NA,NA,"-","-"
"1450",1450,"A",NA,NA,NA,"-","-"
"1451",1451,"T",NA,NA,NA,"-","-"
"1452",1452,"T",NA,NA,NA,"-","-"
"1453",1453,"T",NA,NA,NA,"-","-"
"1454",1454,"T",NA,NA,NA,"-","-"
"1455",1455,"A",NA,NA,NA,"-","-"
"1456",1456,"G",NA,NA,NA,"-","-"
"1457",1457,"A",NA,NA,NA,"-","-"
"1458",1458,"A",NA,NA,NA,"-","-"
"1459",1459,"A",NA,NA,NA,"-","-"
"1460",1460,"A",NA,NA,NA,"-","-"
"1461",1461,"A",NA,NA,NA,"-","-"
"1462",1462,"A",NA,NA,NA,"-","-"
"1463",1463,"C",NA,NA,NA,"-","-"
"1464",1464,"T",NA,NA,NA,"-","-"
"1465",1465,"C",NA,NA,NA,"-","-"
"1466",1466,"C",NA,NA,NA,"-","-"
"1467",1467,"T",NA,NA,NA,"-","-"
"1468",1468,"T",NA,NA,NA,"-","-"
"1469",1469,"G",NA,NA,NA,"-","-"
"1470",1470,"T",NA,NA,NA,"-","-"
"1471",1471,"T",NA,NA,NA,"-","-"
"1472",1472,"T",NA,NA,NA,"-","-"
"1473",1473,"C",NA,NA,NA,"-","-"
"1474",1474,"T",NA,NA,NA,"-","-"
"1475",1475,"A",NA,NA,NA,"-","-"
"1476",1476,"C",NA,NA,NA,"-","-"
"1477",1477,"T",NA,NA,NA,"-","-"
"1478",1478,"A",NA,NA,NA,"-","-"
"1479",1479,"A",NA,NA,NA,"-","-"
"1480",1480,"T",NA,NA,NA,"-","-"
"1481",1481,"A",NA,NA,NA,"-","-"
"1482",1482,"G",NA,NA,NA,"-","-"
"1483",1483,"A",NA,NA,NA,"-","-"
"1484",1484,"A",NA,NA,NA,"-","-"
"1485",1485,"G",NA,NA,NA,"-","-"
"1486",1486,"A",NA,NA,NA,"-","-"
"1487",1487,"G",NA,NA,NA,"-","-"
"1488",1488,"C",NA,NA,NA,"-","-"
"1489",1489,"C",NA,NA,NA,"-","-"
"1490",1490,"G",NA,NA,NA,"-","-"
